{"cameraMode":{"drawMode":0,"name":"Shaded","section":"Shading Mode"},"sceneLighting":true,"audioPlay":false,"sceneViewState":{"m_AlwaysRefresh":false,"showFog":true,"showSkybox":true,"showFlares":true,"showImageEffects":true,"showParticleSystems":true,"showVisualEffectGraphs":true,"m_FxEnabled":true},"in2DMode":false,"pivot":{"x":0.9635535478591919,"y":0.38271498680114748,"z":8.481037139892579},"rotation":{"x":-0.00082061329158023,"y":-0.7296416759490967,"z":-0.0008755916496738792,"w":0.683829128742218},"size":0.7305302023887634,"orthographic":true}