{"cameraMode":{"drawMode":0,"name":"Shaded","section":"Shading Mode"},"sceneLighting":true,"audioPlay":false,"sceneViewState":{"m_AlwaysRefresh":false,"showFog":true,"showSkybox":true,"showFlares":true,"showImageEffects":true,"showParticleSystems":true,"showVisualEffectGraphs":true,"m_FxEnabled":true},"in2DMode":false,"pivot":{"x":-0.04999971389770508,"y":2.4499998092651369,"z":31.589998245239259},"rotation":{"x":0.11224177479743958,"y":-0.6989622712135315,"z":0.11251090466976166,"w":0.6972858905792236},"size":1.7865296602249146,"orthographic":true}