{"cameraMode":{"drawMode":0,"name":"Shaded","section":"Shading Mode"},"sceneLighting":false,"audioPlay":false,"sceneViewState":{"m_AlwaysRefresh":false,"showFog":true,"showSkybox":false,"showFlares":true,"showImageEffects":true,"showParticleSystems":true,"showVisualEffectGraphs":true,"m_FxEnabled":true},"in2DMode":false,"pivot":{"x":-0.11160501092672348,"y":1.6572531461715699,"z":8.182190895080567},"rotation":{"x":0.22600828111171723,"y":-0.05234154686331749,"z":0.016840357333421708,"w":0.975151002407074},"size":0.4386175572872162,"orthographic":false}