{"cameraMode":{"drawMode":0,"name":"Shaded","section":"Shading Mode"},"sceneLighting":false,"audioPlay":false,"sceneViewState":{"m_AlwaysRefresh":false,"showFog":true,"showSkybox":false,"showFlares":true,"showImageEffects":true,"showParticleSystems":true,"showVisualEffectGraphs":true,"m_FxEnabled":true},"in2DMode":false,"pivot":{"x":3.0554192066192629,"y":0.3931513726711273,"z":-3.28591251373291},"rotation":{"x":0.006205965764820576,"y":-0.9730544090270996,"z":0.05780462548136711,"w":0.2315448671579361},"size":1.4185853004455567,"orthographic":false}