{"cameraMode":{"drawMode":0,"name":"Shaded","section":"Shading Mode"},"sceneLighting":false,"audioPlay":false,"sceneViewState":{"m_AlwaysRefresh":false,"showFog":true,"showSkybox":false,"showFlares":true,"showImageEffects":true,"showParticleSystems":true,"showVisualEffectGraphs":true,"m_FxEnabled":true},"in2DMode":false,"pivot":{"x":0.01763153076171875,"y":7.098201751708984,"z":0.41315722465515139},"rotation":{"x":0.18690897524356843,"y":-0.745227575302124,"z":0.23342078924179078,"w":0.5964092016220093},"size":7.982211112976074,"orthographic":false}