{"cameraMode":{"drawMode":0,"name":"Shaded","section":"Shading Mode"},"sceneLighting":false,"audioPlay":false,"sceneViewState":{"m_AlwaysRefresh":false,"showFog":true,"showSkybox":false,"showFlares":true,"showImageEffects":true,"showParticleSystems":true,"showVisualEffectGraphs":true,"m_FxEnabled":true},"in2DMode":false,"pivot":{"x":4.7736334800720219,"y":-0.40530410408973696,"z":-7.129138469696045},"rotation":{"x":-0.03465529903769493,"y":0.962902843952179,"z":-0.15528464317321778,"w":-0.22298204898834229},"size":1.0048471689224244,"orthographic":false}