{"cameraMode":{"drawMode":0,"name":"Shaded","section":"Shading Mode"},"sceneLighting":false,"audioPlay":false,"sceneViewState":{"m_AlwaysRefresh":false,"showFog":true,"showSkybox":false,"showFlares":true,"showImageEffects":true,"showParticleSystems":true,"showVisualEffectGraphs":true,"m_FxEnabled":true},"in2DMode":false,"pivot":{"x":-0.8744351267814636,"y":7.67013692855835,"z":-0.9817757606506348},"rotation":{"x":0.2201787680387497,"y":0.02277613803744316,"z":-0.005171770695596933,"w":0.9754468202590942},"size":1.4030624628067017,"orthographic":false}