{"cameraMode":{"drawMode":0,"name":"Shaded","section":"Shading Mode"},"sceneLighting":false,"audioPlay":false,"sceneViewState":{"m_AlwaysRefresh":false,"showFog":true,"showSkybox":false,"showFlares":true,"showImageEffects":true,"showParticleSystems":true,"showVisualEffectGraphs":true,"m_FxEnabled":true},"in2DMode":false,"pivot":{"x":0.9516181945800781,"y":6.480214595794678,"z":0.42482757568359377},"rotation":{"x":0.3208266496658325,"y":0.03982624039053917,"z":-0.011458717286586762,"w":0.9475244283676148},"size":3.3485076427459719,"orthographic":false}