{"cameraMode":{"drawMode":0,"name":"Shaded","section":"Shading Mode"},"sceneLighting":false,"audioPlay":false,"sceneViewState":{"m_AlwaysRefresh":false,"showFog":true,"showSkybox":false,"showFlares":true,"showImageEffects":true,"showParticleSystems":true,"showVisualEffectGraphs":true,"m_FxEnabled":true},"in2DMode":false,"pivot":{"x":-1.6772656440734864,"y":6.030490398406982,"z":0.9056463241577148},"rotation":{"x":0.2966046631336212,"y":-0.04599609225988388,"z":0.016026156023144723,"w":0.9550554752349854},"size":3.3485076427459719,"orthographic":false}