{"cameraMode":{"drawMode":0,"name":"Shaded","section":"Shading Mode"},"sceneLighting":false,"audioPlay":false,"sceneViewState":{"m_AlwaysRefresh":false,"showFog":true,"showSkybox":false,"showFlares":true,"showImageEffects":true,"showParticleSystems":true,"showVisualEffectGraphs":true,"m_FxEnabled":true},"in2DMode":false,"pivot":{"x":6.197245121002197,"y":1.9144684076309205,"z":15.050705909729004},"rotation":{"x":0.030502615496516229,"y":-0.8572443127632141,"z":0.06714365631341934,"w":0.5136185884475708},"size":1.5819292068481446,"orthographic":false}